"defteam","Pass EPA / Play","Pass Success Rate","Rush EPA / Play","Rush Success Rate","Defensive EPA / Play","Defensive Success Rate"
"DAL",0.233435465519041,0.47887323943662,-0.212545243988673,0.375,0.036782554240049,0.433070866141732
"DC",-0.43740341100468,0.307692307692308,0.0392526317446519,0.447368421052632,-0.281257465966106,0.353448275862069
"HOU",-0.154533007801121,0.427083333333333,-0.154240835626309,0.355932203389831,-0.154421793876515,0.4
"LA",0.0146106634085796,0.50561797752809,-0.04955870678772,0.470588235294118,-0.00312721127982839,0.495934959349593
"NY",0.0646518645325597,0.372093023255814,0.0232895250182418,0.410714285714286,0.0483399559917019,0.387323943661972
"SEA",-0.0697041499222638,0.402777777777778,-0.0926557728495033,0.326923076923077,-0.0793290240530417,0.370967741935484
"STL",-0.0490701076374772,0.418604651162791,-0.185610927553932,0.444444444444444,-0.0816949053166302,0.424778761061947
"TB",-0.132077493428642,0.388888888888889,-0.127754208350189,0.318181818181818,-0.130136426658725,0.357142857142857
