"defteam","Defensive EPA / Play","Defensive Success Rate","Pass EPA / Play","Pass Success Rate","Rush EPA / Play","Rush Success Rate","Pass Ratio"
"DAL",0.018698983063018,0.43455497382199,0.116366387947991,0.458715596330275,-0.111127201479203,0.402439024390244,0.570680628272251
"DC",-0.0752726418138502,0.404761904761905,-0.121002286186107,0.405660377358491,0.0029102985645251,0.403225806451613,0.630952380952381
"HOU",-0.0889849865112723,0.41025641025641,-0.0638654205378374,0.423611111111111,-0.129176292068768,0.388888888888889,0.615384615384615
"LA",-0.0393325523611478,0.461139896373057,-0.117717236487618,0.444444444444444,0.10807745062296,0.492537313432836,0.652849740932642
"NY",-0.0255083386388399,0.409090909090909,-0.0695645983879061,0.383177570093458,0.0262940766705017,0.43956043956044,0.54040404040404
"SEA",-0.0273611828947458,0.427807486631016,0.00392180652411976,0.474137931034483,-0.0784714191283852,0.352112676056338,0.620320855614973
"STL",-0.0741431368915552,0.431137724550898,-0.0516013004304389,0.421487603305785,-0.133437967582752,0.456521739130435,0.724550898203593
"TB",0.0614270696887197,0.394736842105263,0.139232066547608,0.431578947368421,-0.0682479250760942,0.333333333333333,0.625
"XFL",-0.034026945657075,0.422147651006711,-0.0261650345292783,0.430735930735931,-0.0468615850247147,0.408127208480565,0.620134228187919
