"","SRS_ratings","Vegas","Elo","EloZero","EloDouble"
"DAL",-0.838725490196073,4.02160518951333,-0.407278150810589,-1.17657307778715,-2.4594259651014
"DC",0.0720588235294168,2.32925752136984,0.205567854186011,-0.0250998027465266,-0.687408830898639
"HOU",6.20637254901961,6.66516731399369,3.23268868490209,3.63703176348829,6.43247895525817
"LA",-0.822058823529407,-1.16848173473508,-0.458096191983259,-0.275996045808979,0.209300861612883
"NY",-0.310294117647054,-8.0032438369584,1.20533620596962,0.972770520771846,2.29588910109707
"SEA",-3.94460784313725,-5.82207024425803,-3.20631423490936,-2.28223034663068,-3.93846133771058
"STL",3.27696078431373,2.93900095450389,0.499707765159556,0.915705140195823,0.895684532576261
"TB",-3.63970588235294,-0.961235163429252,-1.07161193251406,-1.76560815148263,-2.74805731683377
