"posteam","Pass Ratio","Pass EPA / Play","Pass Success Rate","Rush EPA / Play","Rush Success Rate","Offensive EPA / Play","Offensive Success Rate"
"DAL",0.738461538461539,-0.063147319551558,0.458333333333333,-0.128507749676096,0.470588235294118,-0.0802415858918218,0.461538461538462
"DC",0.578512396694215,0.335048546911756,0.414285714285714,-0.189285869029274,0.235294117647059,0.114048090606033,0.338842975206612
"HOU",0.745283018867924,0.0397780058669634,0.468354430379747,-0.086193614287088,0.444444444444444,0.00769089507300693,0.462264150943396
"LA",0.705426356589147,-0.133402369950315,0.373626373626374,-0.223354308282436,0.342105263157895,-0.159899840156677,0.364341085271318
"NY",0.694736842105263,-0.292549340478492,0.348484848484849,-0.127114174302087,0.310344827586207,-0.242048079224642,0.336842105263158
"SEA",0.554621848739496,-0.332445367150474,0.333333333333333,-0.00836366238398174,0.415094339622642,-0.188106456624221,0.369747899159664
"STL",0.496732026143791,0.182610065373986,0.539473684210526,-0.162536094163446,0.376623376623377,0.00890905697933085,0.457516339869281
"TB",0.606896551724138,-0.260364053732111,0.363636363636364,0.10771390409369,0.491228070175439,-0.115671339276451,0.413793103448276
