"","po_odds","div_champ_odds","final_odds","champ_odds","rate_avg","wins_avg","vegas_implied","pre_season_ratings","current_ratings","wins","losses"
"DAL",0.4976,0.02,0.1618,0.074,1490.10713928171,4.3977,0.197430762988425,1535,1489.81804622974,2,3
"DC",0.5488,0.2635,0.2604,0.1054,1505.17200069935,5.3324,0.132817058737668,1511.25,1505.13919635465,3,2
"HOU",0.9941,0.9495,0.6822,0.448,1580.48509007402,8.0396,0.104891420746671,1485,1580.81721712255,5,0
"LA",0.4144,0.0287,0.1329,0.06,1488.33820321184,4.4244,0.108221307119581,1488.75,1488.54759520042,2,3
"NY",0.6412,0.3208,0.3373,0.1436,1529.90656483219,5.8044,0.12160420360048,1503.75,1530.13340514924,3,2
"SEA",0.0939,0.0018,0.0231,0.0088,1419.97926939449,2.9379,0.0730493823057172,1462.5,1419.84214412727,1,4
"STL",0.6837,0.3791,0.3459,0.1404,1512.831109925,5.7287,0.0901049649585939,1483.75,1512.49269412899,3,2
"TB",0.1263,0.0366,0.0564,0.0198,1473.18062258139,3.3349,0.171880899542864,1530,1473.20970168715,1,4
