"","po_odds","div_champ_odds","final_odds","champ_odds","rate_avg","wins_avg","vegas_implied","pre_season_ratings","current_ratings","wins","losses"
"DAL",0.7918,0.3822,0.4244,0.2351,1555.80499251391,6.1499,0.197430762988425,1535,1555.95402172984,2,1
"DC",0.6818,0.329,0.3428,0.1445,1514.48519551912,5.4817,0.132817058737668,1511.25,1514.68139069642,2,1
"HOU",0.8234,0.5347,0.4353,0.2747,1545.02803700232,6.8923,0.104891420746671,1485,1544.78967081121,3,0
"LA",0.2431,0.0538,0.0941,0.0467,1481.90959653154,4.3143,0.108221307119581,1488.75,1481.87486561306,1,2
"NY",0.3521,0.0987,0.1429,0.056,1479.29305725413,4.3813,0.12160420360048,1503.75,1479.09245213347,1,2
"SEA",0.1417,0.0293,0.0462,0.0213,1441.06626628551,3.6951,0.0730493823057172,1462.5,1441.42175955265,1,2
"STL",0.8096,0.5263,0.4468,0.1946,1522.81558303705,6.0082,0.0901049649585939,1483.75,1522.73565772278,2,1
"TB",0.1565,0.046,0.0675,0.0271,1459.59727185643,3.0772,0.171880899542864,1530,1459.45018174056,0,3
