"","po_odds","div_champ_odds","final_odds","champ_odds","rate_avg","wins_avg","vegas_implied","pre_season_ratings","current_ratings","wins","losses"
"DAL",0.525,0.0685,0.1827,0.082,1489.66263089431,4.3849,0.197430762988425,1535,1489.81804622974,2,3
"DC",0.5353,0.253,0.2513,0.1045,1504.83770791996,5.3175,0.132817058737668,1511.25,1505.13919635465,3,2
"HOU",0.901,0.8556,0.6138,0.3981,1580.87759750497,8.0614,0.104891420746671,1485,1580.81721712255,5,0
"LA",0.4648,0.067,0.1715,0.0787,1489.04466354539,4.4527,0.108221307119581,1488.75,1488.54759520042,2,3
"NY",0.6537,0.331,0.3513,0.1551,1530.48542643536,5.8284,0.12160420360048,1503.75,1530.13340514924,3,2
"SEA",0.1092,0.0089,0.032,0.0124,1419.49359000836,2.9104,0.0730493823057172,1462.5,1419.84214412727,1,4
"STL",0.6822,0.3759,0.3413,0.1456,1512.59133576108,5.7194,0.0901049649585939,1483.75,1512.49269412899,3,2
"TB",0.1288,0.0401,0.0561,0.0236,1473.00704793057,3.3253,0.171880899542864,1530,1473.20970168715,1,4
