"","po_odds","div_champ_odds","final_odds","champ_odds","rate_avg","wins_avg","vegas_implied","pre_season_ratings","current_ratings","wins","losses"
"DAL",0.6524,0.3212,0.345,0.1745,1529.85234688803,5.3688,0.197430762988425,1535,1530.12214493313,1,1
"DC",0.7912,0.5353,0.463,0.2358,1554.57285950628,6.4856,0.132817058737668,1511.25,1554.55384249389,2,0
"HOU",0.7641,0.4593,0.4094,0.2364,1522.56295458295,6.1114,0.104891420746671,1485,1522.26598866884,2,0
"LA",0.1479,0.0382,0.0592,0.0254,1441.89764857709,3.3218,0.108221307119581,1488.75,1442.0024138156,0,2
"NY",0.4783,0.1723,0.2063,0.0948,1503.74920203258,5.0538,0.12160420360048,1503.75,1503.71865727382,1,1
"SEA",0.4356,0.1813,0.1864,0.0803,1467.26298954042,4.6525,0.0730493823057172,1462.5,1467.25363634936,1,1
"STL",0.5192,0.2242,0.2362,0.1085,1498.12876520693,5.1674,0.0901049649585939,1483.75,1498.10945258243,1,1
"TB",0.2113,0.0682,0.0945,0.0443,1481.97323366571,3.8387,0.171880899542864,1530,1481.97386388293,0,2
