"","po_odds","div_champ_odds","final_odds","champ_odds","rate_avg","wins_avg","vegas_implied","pre_season_ratings","current_ratings","wins","losses"
"DAL",0.6746,0.3256,0.3563,0.1782,1529.63746079016,5.3529,0.197430762988425,1535,1530.12214493313,1,1
"DC",0.7968,0.528,0.4639,0.2375,1554.04404444364,6.4558,0.132817058737668,1511.25,1554.55384249389,2,0
"HOU",0.7727,0.4713,0.4142,0.2402,1522.84853973407,6.1279,0.104891420746671,1485,1522.26598866884,2,0
"LA",0.1327,0.0295,0.0494,0.0219,1442.27114462099,3.3442,0.108221307119581,1488.75,1442.0024138156,0,2
"NY",0.4765,0.1712,0.2093,0.0953,1503.46639471172,5.0333,0.12160420360048,1503.75,1503.71865727382,1,1
"SEA",0.42,0.1736,0.1801,0.0755,1467.45958379064,4.6657,0.0730493823057172,1462.5,1467.25363634936,1,1
"STL",0.4988,0.2204,0.2273,0.1063,1498.193198096,5.1705,0.0901049649585939,1483.75,1498.10945258243,1,1
"TB",0.2279,0.0804,0.0995,0.0451,1482.07963381278,3.8497,0.171880899542864,1530,1481.97386388293,0,2
