"","po_odds","div_champ_odds","final_odds","champ_odds","rate_avg","wins_avg","vegas_implied","pre_season_ratings","current_ratings","wins","losses"
"DAL",0.7283,0.1601,0.3113,0.1601,1529.75273865936,5.3256,0.197430762988425,1535,1529.76609889013,2,2
"DC",0.4156,0.1506,0.1753,0.0703,1482.6949320193,4.6396,0.132817058737668,1511.25,1483.15624080711,2,2
"HOU",0.8949,0.7919,0.5642,0.3638,1570.82876318688,7.7928,0.104891420746671,1485,1570.97759365092,4,0
"LA",0.2391,0.0291,0.0816,0.0387,1471.05000404702,3.7938,0.108221307119581,1488.75,1470.78196525769,1,3
"NY",0.4557,0.1272,0.1953,0.0797,1490.18573479149,4.8599,0.12160420360048,1503.75,1490.18535248885,2,2
"SEA",0.1377,0.0189,0.0429,0.0191,1429.74329294274,3.301,0.0730493823057172,1462.5,1429.6817675989,1,3
"STL",0.8488,0.6346,0.5057,0.2174,1534.35070240152,6.3972,0.0901049649585939,1483.75,1534.47564967653,3,1
"TB",0.2799,0.0876,0.1237,0.0509,1491.39383195169,3.8901,0.171880899542864,1530,1490.97533162988,1,3
