"","po_odds","div_champ_odds","final_odds","champ_odds","rate_avg","wins_avg","vegas_implied","pre_season_ratings","current_ratings","wins","losses"
"DAL",0.669,0.389,0.371,0.177,1545.57211084888,5.759,0.207993474714519,1546.25,1546.25,0,0
"DC",0.43,0.221,0.205,0.101,1483.25011139538,4.696,0.0978792822185971,1483.75,1483.75,0,0
"HOU",0.438,0.205,0.219,0.095,1484.69272906821,4.773,0.0978792822185971,1483.75,1483.75,0,0
"LA",0.548,0.278,0.281,0.145,1513.8567605002,5.222,0.138662316476346,1513.75,1513.75,0,0
"NY",0.611,0.343,0.334,0.176,1529.09655922554,5.495,0.166394779771615,1528.75,1528.75,0,0
"SEA",0.345,0.128,0.129,0.064,1458.10503329082,4.286,0.0693311582381729,1458.75,1458.75,0,0
"STL",0.41,0.175,0.184,0.089,1472.42676750975,4.587,0.0831973898858075,1471.25,1471.25,0,0
"TB",0.549,0.261,0.277,0.153,1512.99992816122,5.182,0.138662316476346,1513.75,1513.75,0,0
