"","po_odds","div_champ_odds","final_odds","champ_odds","rate_avg","wins_avg","vegas_implied","pre_season_ratings","current_ratings","wins","losses"
"DAL",0.68,0.3994,0.3882,0.2007,1534.58931711972,5.6101,0.197430762988425,1535,1535,0,0
"DC",0.5988,0.3213,0.3107,0.1685,1527.85120725656,5.6929,0.132817058737668,1511.25,1527.92730409692,1,0
"HOU",0.6869,0.3741,0.349,0.1685,1509.16875382094,5.5452,0.104891420746671,1485,1509.45213496247,1,0
"LA",0.327,0.1121,0.1385,0.0626,1464.33518535757,4.1249,0.108221307119581,1488.75,1464.29786503753,0,1
"NY",0.4593,0.2174,0.2194,0.1093,1504.03901499546,5.0161,0.12160420360048,1503.75,1503.75,0,0
"SEA",0.3061,0.1144,0.1243,0.0465,1446.13438056515,3.8967,0.0730493823057172,1462.5,1445.82269590308,0,1
"STL",0.3806,0.1642,0.1728,0.085,1483.67205038219,4.6632,0.0901049649585939,1483.75,1483.75,0,0
"TB",0.5613,0.2971,0.2971,0.1589,1530.2100905024,5.4509,0.171880899542864,1530,1530,0,0
