"","po_odds","div_champ_odds","final_odds","champ_odds","rate_avg","wins_avg","vegas_implied","pre_season_ratings","current_ratings","wins","losses"
"DAL",0.5369,0.2683,0.2836,0.1413,1507.69706071591,4.6262,0.197430762988425,1535,1507.8266937112,0,1
"DC",0.5514,0.2893,0.2814,0.146,1527.984554202,5.6683,0.132817058737668,1511.25,1527.92730409692,1,0
"HOU",0.7305,0.4438,0.4008,0.2271,1509.54932376686,5.6019,0.104891420746671,1485,1509.45213496247,1,0
"LA",0.3777,0.1426,0.1693,0.0714,1464.60524928327,4.1808,0.108221307119581,1488.75,1464.29786503753,0,1
"NY",0.6119,0.3302,0.3263,0.1656,1530.91942284509,5.7999,0.12160420360048,1503.75,1530.34519567078,1,0
"SEA",0.3549,0.1453,0.1463,0.0604,1446.1893869112,3.9349,0.0730493823057172,1462.5,1445.82269590308,0,1
"STL",0.5331,0.2648,0.2539,0.1194,1510.53081440316,5.6451,0.0901049649585939,1483.75,1510.9233062888,1,0
"TB",0.3036,0.1157,0.1384,0.0688,1502.52418787252,4.5429,0.171880899542864,1530,1503.40480432922,0,1
