"","po_odds","div_champ_odds","final_odds","champ_odds","rate_avg","wins_avg","vegas_implied","pre_season_ratings","current_ratings"
"DAL",0.6638,0.3831,0.3824,0.2104,1545.85439488864,5.7287,0.207993474714519,1546.25,1546.25
"DC",0.4401,0.199,0.197,0.0894,1483.69979674813,4.7431,0.0978792822185971,1483.75,1483.75
"HOU",0.4457,0.2006,0.1996,0.0987,1484.33665603569,4.7621,0.0978792822185971,1483.75,1483.75
"LA",0.5512,0.2799,0.2763,0.1428,1513.88247888712,5.2307,0.138662316476346,1513.75,1513.75
"NY",0.6105,0.34,0.3365,0.1733,1528.72049955361,5.4785,0.166394779771615,1528.75,1528.75
"SEA",0.3393,0.1364,0.1417,0.0658,1458.38621761567,4.2914,0.0693311582381729,1458.75,1458.75
"STL",0.3931,0.1769,0.1734,0.0744,1471.36608470985,4.5419,0.0831973898858075,1471.25,1471.25
"TB",0.5563,0.2841,0.2931,0.1452,1513.7538715613,5.2236,0.138662316476346,1513.75,1513.75
