"","po_odds","div_champ_odds","final_odds","champ_odds","rate_avg","wins_avg","vegas_implied","pre_season_ratings","current_ratings","wins","losses"
"DAL",0.54,0.2642,0.2898,0.1358,1507.8284371463,4.6397,0.197430762988425,1535,1507.8266937112,0,1
"DC",0.553,0.288,0.2834,0.1605,1527.90548474613,5.6578,0.132817058737668,1511.25,1527.92730409692,1,0
"HOU",0.7333,0.451,0.3976,0.1857,1509.39866366459,5.6033,0.104891420746671,1485,1509.45213496247,1,0
"LA",0.3766,0.1441,0.1636,0.0716,1464.36944432223,4.1705,0.108221307119581,1488.75,1464.29786503753,0,1
"NY",0.6094,0.32,0.3176,0.1716,1530.28202183061,5.7713,0.12160420360048,1503.75,1530.34519567078,1,0
"SEA",0.3501,0.1407,0.149,0.063,1446.38525849389,3.9361,0.0730493823057172,1462.5,1445.82269590308,0,1
"STL",0.5266,0.273,0.2563,0.1338,1510.40122257262,5.6341,0.0901049649585939,1483.75,1510.9233062888,1,0
"TB",0.311,0.119,0.1427,0.078,1503.42946722363,4.5872,0.171880899542864,1530,1503.40480432922,0,1
