"","po_odds","div_champ_odds","final_odds","champ_odds","rate_avg","wins_avg","vegas_implied","pre_season_ratings","current_ratings","wins","losses"
"DAL",0.648,0.3132,0.3453,0.1719,1529.87226539421,5.3688,0.197430762988425,1535,1530.12214493313,1,1
"DC",0.7891,0.5202,0.4628,0.251,1554.71256446528,6.4707,0.132817058737668,1511.25,1554.55384249389,2,0
"HOU",0.7624,0.4692,0.411,0.2312,1521.7987299909,6.0766,0.104891420746671,1485,1522.26598866884,2,0
"LA",0.1441,0.0348,0.0554,0.0236,1442.04937075098,3.3321,0.108221307119581,1488.75,1442.0024138156,0,2
"NY",0.4731,0.1711,0.207,0.0966,1503.63634175364,5.043,0.12160420360048,1503.75,1503.71865727382,1,1
"SEA",0.4455,0.1828,0.1883,0.0799,1467.6432999397,4.6785,0.0730493823057172,1462.5,1467.25363634936,1,1
"STL",0.519,0.2332,0.2357,0.1032,1498.04546033478,5.1709,0.0901049649585939,1483.75,1498.10945258243,1,1
"TB",0.2188,0.0755,0.0945,0.0426,1482.24196737051,3.8594,0.171880899542864,1530,1481.97386388293,0,2
