"","po_odds","div_champ_odds","final_odds","champ_odds","rate_avg","wins_avg","vegas_implied","pre_season_ratings","current_ratings","wins","losses"
"DAL",0.6003,0.0779,0.2175,0.0976,1489.84499912912,4.4129,0.197430762988425,1535,1489.81804622974,2,3
"DC",0.3344,0.1293,0.1442,0.0579,1483.27776203109,4.6598,0.132817058737668,1511.25,1483.15624080711,2,2
"HOU",0.8966,0.865,0.623,0.4038,1581.02517212242,8.1095,0.104891420746671,1485,1580.81721712255,5,0
"LA",0.3596,0.0437,0.119,0.0534,1470.75269378712,3.8476,0.108221307119581,1488.75,1470.78196525769,1,3
"NY",0.6613,0.261,0.3209,0.1399,1529.99953114158,5.7859,0.12160420360048,1503.75,1530.13340514924,3,2
"SEA",0.1435,0.0134,0.0405,0.014,1419.91241393193,2.9836,0.0730493823057172,1462.5,1419.84214412727,1,4
"STL",0.7902,0.5415,0.4375,0.1907,1533.94851501773,6.3244,0.0901049649585939,1483.75,1534.47564967653,3,1
"TB",0.2141,0.0682,0.0974,0.0427,1491.23891283902,3.8763,0.171880899542864,1530,1490.97533162988,1,3
