"","po_odds","div_champ_odds","final_odds","champ_odds","rate_avg","wins_avg","vegas_implied","pre_season_ratings","current_ratings","wins","losses"
"DAL",0.5961,0.0839,0.2211,0.1027,1490.2158701614,4.3981,0.197430762988425,1535,1489.81804622974,2,3
"DC",0.5139,0.2477,0.2505,0.1061,1505.41765506976,5.316,0.132817058737668,1511.25,1505.13919635465,3,2
"HOU",0.891,0.8569,0.6052,0.3941,1580.5407619784,8.0756,0.104891420746671,1485,1580.81721712255,5,0
"LA",0.3593,0.046,0.1282,0.0518,1470.45149837286,3.8578,0.108221307119581,1488.75,1470.78196525769,1,3
"NY",0.6225,0.3166,0.3253,0.147,1529.94599600941,5.781,0.12160420360048,1503.75,1530.13340514924,3,2
"SEA",0.1536,0.0132,0.0455,0.0176,1420.29122047754,3,0.0730493823057172,1462.5,1419.84214412727,1,4
"STL",0.648,0.3558,0.3269,0.1394,1512.61025473107,5.6961,0.0901049649585939,1483.75,1512.49269412899,3,2
"TB",0.2156,0.0799,0.0973,0.0413,1490.52674319956,3.8754,0.171880899542864,1530,1490.97533162988,1,3
