"defteam","Defensive EPA / Play","Defensive Success Rate","Pass EPA / Play","Pass Success Rate","Rush EPA / Play","Rush Success Rate","Pass Ratio"
"DAL",0.0367825542283465,0.433070866141732,0.233435465535211,0.47887323943662,-0.212545244035714,0.375,0.559055118110236
"DC",-0.281257466008621,0.353448275862069,-0.437403411051282,0.307692307692308,0.0392526317105263,0.447368421052632,0.672413793103448
"HOU",-0.154421793909677,0.4,-0.1545330078125,0.427083333333333,-0.154240835694915,0.355932203389831,0.619354838709677
"LA",-0.00312721125203251,0.495934959349593,0.0146106634831461,0.50561797752809,-0.0495587068823529,0.470588235294118,0.723577235772358
"NY",-0.0432093397535211,0.380281690140845,-0.086510926127907,0.36046511627907,0.0232895250357143,0.410714285714286,0.605633802816901
"SEA",-0.0793290240806452,0.370967741935484,-0.0697041499861111,0.402777777777778,-0.0926557728269231,0.326923076923077,0.580645161290323
"STL",-0.0816949053097345,0.424778761061947,-0.0490701076511628,0.418604651162791,-0.185610927481481,0.444444444444444,0.761061946902655
"TB",-0.130136426693878,0.357142857142857,-0.132077493388889,0.388888888888889,-0.127754208477273,0.318181818181818,0.551020408163265
"XFL",-0.0904127515601203,0.402805611222445,-0.0868500317341772,0.412974683544304,-0.0965647704945355,0.385245901639344,0.633266533066132
