"defteam","Defensive EPA / Play","Defensive Success Rate","Pass EPA / Play","Pass Success Rate","Rush EPA / Play","Rush Success Rate","Pass Ratio"
"DAL",0.006841909632563,0.434782608695652,0.0841017768543186,0.45859872611465,-0.11951016488635,0.395833333333333,0.620553359683794
"DC",0.00877110981104915,0.425101214574899,-0.0210486395535545,0.421428571428571,0.0477876043067922,0.429906542056075,0.566801619433198
"HOU",-0.117176919896474,0.425742574257426,-0.12091804011935,0.431578947368421,-0.110886540760666,0.415929203539823,0.627062706270627
"LA",-0.0391591080517294,0.442687747035573,-0.111419052309629,0.436708860759494,0.0810205887140404,0.452631578947368,0.624505928853755
"NY",-0.00613283049087903,0.420233463035019,-0.0248302075579176,0.418300653594771,0.0213738876942835,0.423076923076923,0.595330739299611
"SEA",0.0172309618949256,0.432432432432432,0.0913269283680057,0.503401360544218,-0.080019994100992,0.339285714285714,0.567567567567568
"STL",-0.0582268041989593,0.407582938388626,-0.070773841948914,0.397260273972603,-0.0300442270990611,0.430769230769231,0.691943127962085
"TB",-0.0332483413987453,0.378238341968912,0.0163737047912668,0.39344262295082,-0.118514392598484,0.352112676056338,0.632124352331606
"XFL",-0.0290134097604556,0.422570850202429,-0.0239330755855226,0.43363561417972,-0.0370900091761746,0.404980340760157,0.613866396761134
