"defteam","Defensive EPA / Play","Defensive Success Rate","Pass EPA / Play","Pass Success Rate","Rush EPA / Play","Rush Success Rate","Pass Ratio"
"DAL",-0.0107952028788387,0.436548223350254,0.103890482796171,0.454545454545455,-0.155800092812759,0.413793103448276,0.558375634517767
"DC",-0.139191786209608,0.385057471264368,-0.150520890355494,0.385321100917431,-0.120193750026506,0.384615384615385,0.626436781609195
"HOU",-0.0834474584102979,0.411016949152542,-0.0631257293662429,0.423611111111111,-0.115255382131428,0.391304347826087,0.610169491525424
"LA",-0.0762186023678528,0.451282051282051,-0.137938543675779,0.44,0.0339955785391582,0.471428571428571,0.641025641025641
"NY",-0.0143715798530621,0.422110552763819,-0.0276500618246414,0.411214953271028,0.00107187200518775,0.434782608695652,0.537688442211055
"SEA",-0.066938632590566,0.41025641025641,0.00490308422239932,0.466101694915254,-0.177033731083162,0.324675324675325,0.605128205128205
"STL",-0.107922020573618,0.424418604651163,-0.0640603272901232,0.422764227642276,-0.218023822081165,0.428571428571429,0.715116279069767
"TB",0.0492095228460809,0.387096774193548,0.146807811605507,0.431578947368421,-0.10532110102301,0.316666666666667,0.612903225806452
"XFL",-0.0576167712787945,0.416940249507551,-0.0296712328254962,0.429645542427497,-0.101564906920721,0.396959459459459,0.611293499671701
