"posteam","Offensive EPA / Play","Offensive Success Rate","Pass EPA / Play","Pass Success Rate","Rush EPA / Play","Rush Success Rate","Pass Ratio"
"DAL",0.000387590119149593,0.482412060301508,0.013965835680603,0.49645390070922,-0.0326215930561079,0.448275862068966,0.708542713567839
"DC",-0.00899538649211122,0.347368421052632,0.082971281835489,0.377358490566038,-0.125048563191226,0.30952380952381,0.557894736842105
"HOU",0.0976913077646677,0.451219512195122,0.177224767966031,0.470588235294118,-0.112630509212272,0.4,0.725609756097561
"LA",-0.0392788266673192,0.39572192513369,0.0782443688763011,0.429752066115702,-0.25473801849729,0.333333333333333,0.647058823529412
"NY",-0.223670319092894,0.363057324840764,-0.244055296243789,0.371428571428571,-0.182508345999741,0.346153846153846,0.668789808917197
"SEA",-0.174321979924111,0.389189189189189,-0.257808607491681,0.361904761904762,-0.064745781241676,0.425,0.567567567567568
"STL",0.0345369711345294,0.472477064220183,0.168874694525131,0.53,-0.0793085571625908,0.423728813559322,0.458715596330275
"TB",-0.156761600305888,0.417040358744395,-0.247292030211513,0.388059701492537,-0.0204573575266311,0.460674157303371,0.600896860986547
"XFL",-0.0576167712787945,0.416940249507551,-0.0296712328254962,0.429645542427497,-0.101564906920721,0.396959459459459,0.611293499671701
