"posteam","Offensive EPA / Play","Offensive Success Rate","Pass EPA / Play","Pass Success Rate","Rush EPA / Play","Rush Success Rate","Pass Ratio"
"DAL",-0.058182291891739,0.484962406015038,-0.0810259396695979,0.486631016042781,-0.00410935348085777,0.481012658227848,0.703007518796993
"DC",-0.07625726889481,0.343478260869565,-0.0520378366074726,0.345588235294118,-0.111298149650958,0.340425531914894,0.591304347826087
"HOU",0.0992834756991418,0.457399103139013,0.1429746204154,0.470238095238095,-0.0341731117977923,0.418181818181818,0.753363228699552
"LA",0.012153945068723,0.419753086419753,0.0822244051464554,0.461077844311377,-0.141816671154715,0.328947368421053,0.687242798353909
"NY",-0.14508185326731,0.37799043062201,-0.180917514922392,0.386363636363636,-0.0836492904300275,0.363636363636364,0.631578947368421
"SEA",-0.117844313576869,0.376106194690265,-0.23199416261894,0.348837209302326,0.0339632176234096,0.412371134020619,0.570796460176991
"STL",0.0577907656857879,0.463157894736842,0.204872198080662,0.541984732824427,-0.0673239592734882,0.396103896103896,0.459649122807018
"TB",-0.0396173745939222,0.425170068027211,-0.124484515000157,0.386503067484663,0.065980670339026,0.473282442748092,0.554421768707483
"XFL",-0.0303917509452452,0.421558704453441,-0.026165590726829,0.431986809563067,-0.0371104040840903,0.404980340760157,0.613866396761134
